USE bd_licitacao
-- Unidade Federal
INSERT INTO dbo.uf VALUES ('BA', 'Bahia')
INSERT INTO dbo.uf VALUES ('SP', 'São Paulo')
INSERT INTO dbo.uf VALUES ('RJ', 'Rio de Janeiro')
INSERT INTO dbo.uf VALUES ('MT', 'Mato Grosso')
INSERT INTO dbo.uf VALUES ('DF', 'Distrito Federal')
INSERT INTO dbo.uf VALUES ('PE', 'Pernambuco')
INSERT INTO dbo.uf VALUES ('AL', 'Alagoas')
INSERT INTO dbo.uf VALUES ('AC', 'Acre')
INSERT INTO dbo.uf VALUES ('SC', 'Santa Catarina')
INSERT INTO dbo.uf VALUES ('RS', 'Rio Grande do Sul')
-- Fornecedor
INSERT INTO dbo.fornecedor VALUES ('12345678901233', 'Compre Fácil SA', 'BA')
INSERT INTO dbo.fornecedor VALUES ('09876543212345', 'Serve Service Ltda', 'SP')
INSERT INTO dbo.fornecedor VALUES ('01928374651092', 'Americanas', 'RJ')
INSERT INTO dbo.fornecedor VALUES ('65748392019283', 'Lebiscuit', 'MT')
INSERT INTO dbo.fornecedor VALUES ('32087654321342', 'Comercial Ramos', 'DF') 
-- Secretaria
INSERT INTO dbo.secretaria VALUES ('EC', 'Secretaria de Educação e Cidadania')
INSERT INTO dbo.secretaria VALUES ('SE', 'Secretaria de Segurança do Estado')
INSERT INTO dbo.secretaria VALUES ('SP', 'Secretaria de Saúde Pública')
INSERT INTO dbo.secretaria VALUES ('MA', 'Secretaria do Meio Ambiente')
INSERT INTO dbo.secretaria VALUES ('TE', 'Secretaria do Trabalho, Emprego, Renda e Esporte')
-- Unidade organizacional
INSERT INTO dbo.unidade VALUES ('EC', '111', 'Compras')
INSERT INTO dbo.unidade VALUES ('SE', '112', 'Financeiro')
INSERT INTO dbo.unidade VALUES ('SP', '113', 'Marketing')
INSERT INTO dbo.unidade VALUES ('MA', '114', 'Recursos Humanos')
INSERT INTO dbo.unidade VALUES ('TE', '115', 'Comercial')
INSERT INTO dbo.unidade VALUES ('TE', '116', 'Compras')
-- Licitação
INSERT INTO dbo.licitacao VALUES ('123456781212', 'EC', '111', GETDATE())
INSERT INTO dbo.licitacao VALUES ('178121223456', 'SE', '112', GETDATE())
INSERT INTO dbo.licitacao VALUES ('783412125612', 'SP', '113', GETDATE())
INSERT INTO dbo.licitacao VALUES ('561237421812', 'MA', '114', GETDATE())
INSERT INTO dbo.licitacao VALUES ('561712234812', 'TE', '115', GETDATE())
INSERT INTO dbo.licitacao VALUES ('171348256212', 'MA', '114', GETDATE())
INSERT INTO dbo.licitacao VALUES ('517223164812', 'SP', '113', GETDATE())
INSERT INTO dbo.licitacao VALUES ('781256124132', 'TE', '116', GETDATE())
-- Grupo
INSERT INTO dbo.grupo VALUES ('TJ', 'Grupo TJ criado para teste do banco')
INSERT INTO dbo.grupo VALUES ('TA', 'Grupo TA criado para teste do banco')
INSERT INTO dbo.grupo VALUES ('BC', 'Grupo BC criado para teste do banco')
INSERT INTO dbo.grupo VALUES ('AS', 'Grupo AS criado para teste do banco')
INSERT INTO dbo.grupo VALUES ('PT', 'Grupo PT criado para teste do banco')
-- Familia
INSERT INTO dbo.familia VALUES ('TJ', '12', 'Familia 12')
INSERT INTO dbo.familia VALUES ('TA', '13', 'Familia 13')
INSERT INTO dbo.familia VALUES ('BC', '14', 'Familia 14')
INSERT INTO dbo.familia VALUES ('AS', '15', 'Familia 15')
INSERT INTO dbo.familia VALUES ('PT', '15', 'Familia 15')
-- Produto
INSERT INTO dbo.produto VALUES ('35271324516', 'Qualquer coisa 1.', 'Qualquer coisa detalhada 1', 'TJ', '12')
INSERT INTO dbo.produto VALUES ('52712453316', 'Qualquer coisa 2.', 'Qualquer coisa detalhada 2', 'TA', '13')
INSERT INTO dbo.produto VALUES ('16232751453', 'Qualquer coisa 3.', 'Qualquer coisa detalhada 3', 'BC', '14')
INSERT INTO dbo.produto VALUES ('52374132516', 'Qualquer coisa 4.', 'Qualquer coisa detalhada 4', 'AS', '15')
INSERT INTO dbo.produto VALUES ('27135351246', 'Qualquer coisa 5.', 'Qualquer coisa detalhada 5', 'PT', '15')
-- Produto_Licitação
INSERT INTO dbo.produtos_licitacao VALUES ('123456781212', '35271324516', 12)
INSERT INTO dbo.produtos_licitacao VALUES ('178121223456', '52712453316', 2)
INSERT INTO dbo.produtos_licitacao VALUES ('783412125612', '16232751453', 34)
INSERT INTO dbo.produtos_licitacao VALUES ('561237421812', '52374132516', 21)
INSERT INTO dbo.produtos_licitacao VALUES ('561712234812', '27135351246', 45)
INSERT INTO dbo.produtos_licitacao VALUES ('561712234812', '52712453316', 45) 
INSERT INTO dbo.produtos_licitacao VALUES ('561712234812', '16232751453', 45)
INSERT INTO dbo.produtos_licitacao VALUES ('561712234812', '35271324516', 45) 
-- Cotações_Licitação
INSERT INTO dbo.cotacoes_licitacao VALUES ('123456781212', '12345678901233', '35271324516', 23.2)
INSERT INTO dbo.cotacoes_licitacao VALUES ('178121223456', '09876543212345', '52712453316', 12.3)
INSERT INTO dbo.cotacoes_licitacao VALUES ('783412125612', '01928374651092', '16232751453', 34.5)
INSERT INTO dbo.cotacoes_licitacao VALUES ('561237421812', '65748392019283', '52374132516', 56.87)
INSERT INTO dbo.cotacoes_licitacao VALUES ('561712234812', '32087654321342', '27135351246', 122.1)
INSERT INTO dbo.cotacoes_licitacao VALUES ('561712234812', '12345678901233', '27135351246', 120.9)
INSERT INTO dbo.cotacoes_licitacao VALUES ('561712234812', '09876543212345', '27135351246', 129.15)
INSERT INTO dbo.cotacoes_licitacao VALUES ('561712234812', '01928374651092', '27135351246', 115.0)
